Name,Email,Phone,SSN,Address
Victor Sherman,blairjanet@example.com,+1-520-511-1519x299,154-95-8385,"758 Morton Stravenue Suite 717, Christopherville, OK 53572"
David Adams,mtorres@example.com,(791)291-4790x31338,134-24-0410,"44940 Jason Orchard, Woodardland, NH 34190"
Tara Clark DDS,clarkmaureen@example.com,212-420-9756x19218,585-55-6335,"Unit 1130 Box 6837, DPO AE 22401"
Duane Cole,jonathan50@example.com,001-558-487-3373,602-56-4359,"09656 Brown Radial Suite 862, West Jeannemouth, SD 09009"
Stephen Galvan,rpatton@example.net,(730)742-5120x236,011-29-9129,"62817 Maria Villages, New Travis, MA 43048"
Vicki Ryan,kara81@example.org,737-292-4158x708,155-27-9888,"24557 Villa Inlet, Lake Janice, AZ 62103"
David Jackson,sarahgentry@example.com,801.761.5605x9135,439-47-4913,"2449 Jeffrey Grove Apt. 891, Robertview, PW 06548"
Daniel Gonzalez,jeremywilliams@example.net,001-349-749-3573x720,874-61-4706,"4968 Wong Trail Suite 109, Garyfort, HI 52458"
Alejandro Prince,ocook@example.com,8908230998,570-63-4875,"3087 Patricia Road, West Christopher, AL 72730"
Mrs. Lisa Gibbs,anna39@example.net,001-677-247-5545,711-30-9003,"Unit 5579 Box 7788, DPO AP 75631"
